scenario_id,scenario_label,n_cfg,mech_Tpolicy_min,mech_Tpolicy_median,mech_Tpolicy_max,mech_Teval_min,mech_Teval_median,mech_Teval_max,shock_Tpolicy_median,shock_Teval_median,mech_Tpolicy_pos_rate,mech_Teval_pos_rate,shock_Tpolicy_pos_rate,shock_Teval_pos_rate,mech_vs_shock_gap_Tpolicy_median,mech_vs_shock_gap_Teval_median,fragility_flag_mech_weaker_than_shock
anchored_conservative,Conservative anchored,72,0.0013810069842404,0.0028799264617344004,0.0047248581834257,0.000620175402798,0.0012411409296548,0.0025537060723536,0.000484468431512,0.000273126079889,1.0,1.0,1.0,1.0,0.0023954580302224006,0.0009680148497657999,0
hypothetical_A,Hypothetical A,72,0.0013810069842404,0.0028799264617344004,0.0047248581834257,0.000620175402798,0.0012411409296548,0.0025537060723536,0.0012140144974013,0.000683387570207,1.0,1.0,1.0,1.0,0.0016659119643331003,0.0005577533594477999,0
hypothetical_B,Hypothetical B,72,0.0013810069842404,0.0028799264617344004,0.0047248581834257,0.000620175402798,0.0012411409296548,0.0025537060723536,0.0036706175143927,0.0020558864154621,1.0,1.0,1.0,1.0,-0.0007906910526582996,-0.0008147454858073,1
